NUMBER,CHIP
1,5200001
2,5200002
3,5200003
4,5200004
5,5200005
6,5200006
7,5200007
8,5200008
9,5200009
10,5200010
11,5200011
12,5200012
13,5200013
14,5200014
15,5200015
16,5200016
17,5200017
18,5200018
19,5200019
20,5200020
21,5200021
22,5200022
23,5200023
24,5200024
25,5200025
26,5200026
27,5200027
28,5200028
29,5200029
30,5200030
31,5200031
32,5200032
33,5200033
34,5200034
35,5200035
36,5200036
37,5200037
38,5200038
39,5200039
40,5200040
41,5200041
42,5200042
43,5200043
44,5200044
45,5200045
46,5200046
47,5200047
48,5200048
49,5200049
50,5200050
51,5200051
52,5200052
53,5200053
54,5200054
55,5200055
56,5200056
57,5200057
58,5200058
59,5200059
60,5200060
61,5200061
62,5200062
63,5200063
64,5200064
65,5200065
66,5200066
67,5200067
68,5200068
69,5200069
70,5200070
71,5200071
72,5200072
73,5200073
74,5200074
75,5200075
76,5200076
77,5200077
78,5200078
79,5200079
80,5200080
81,5200081
82,5200082
83,5200083
84,5200084
85,5200085
86,5200086
87,5200087
88,5200088
89,5200089
90,5200090
91,5200091
92,5200092
93,5200093
94,5200094
95,5200095
96,5200096
97,5200097
98,5200098
99,5200099
100,5200100
101,5200101
102,5200102
103,5200103
104,5200104
105,5200105
106,5200106
107,5200107
108,5200108
109,5200109
110,5200110
111,5200111
112,5200112
113,5200113
114,5200114
115,5200115
116,5200116
117,5200117
118,5200118
119,5200119
120,5200120
121,5200121
122,5200122
123,5200123
124,5200124
125,5200125
126,5200126
127,5200127
128,5200128
129,5200129
130,5200130
131,5200131
132,5200132
133,5200133
134,5200134
135,5200135
136,5200136
137,5200137
138,5200138
139,5200139
140,5200140
141,5200141
142,5200142
143,5200143
144,5200144
145,5200145
146,5200146
147,5200147
148,5200148
149,5200149
150,5200150
151,5200151
152,5200152
153,5200153
154,5200154
155,5200155
156,5200156
157,5200157
158,5200158
159,5200159
160,5200160
161,5200161
162,5200162
163,5200163
164,5200164
165,5200165
166,5200166
167,5200167
168,5200168
169,5200169
170,5200170
171,5200171
172,5200172
173,5200173
174,5200174
175,5200175
176,5200176
177,5200177
178,5200178
179,5200179
180,5200180
181,5200181
182,5200182
183,5200183
184,5200184
185,5200185
186,5200186
187,5200187
188,5200188
189,5200189
190,5200190
191,5200191
192,5200192
193,5200193
194,5200194
195,5200195
196,5200196
197,5200197
198,5200198
199,5200199
200,5200200
201,5200201
202,5200202
203,5200203
204,5200204
205,5200205
206,5200206
207,5200207
208,5200208
209,5200209
210,5200210
211,5200211
212,5200212
213,5200213
214,5200214
215,5200215
216,5200216
217,5200217
218,5200218
219,5200219
220,5200220
221,5200221
222,5200222
223,5200223
224,5200224
225,5200225
226,5200226
227,5200227
228,5200228
229,5200229
230,5200230
231,5200231
232,5200232
233,5200233
234,5200234
235,5200235
236,5200236
237,5200237
238,5200238
239,5200239
240,5200240
241,5200241
242,5200242
243,5200243
244,5200244
245,5200245
246,5200246
247,5200247
248,5200248
249,5200249
250,5200250
251,5200251
252,5200252
253,5200253
254,5200254
255,5200255
256,5200256
257,5200257
258,5200258
259,5200259
260,5200260
261,5200261
262,5200262
263,5200263
264,5200264
265,5200265
266,5200266
267,5200267
268,5200268
269,5200269
270,5200270
271,5200271
272,5200272
273,5200273
274,5200274
275,5200275
276,5200276
277,5200277
278,5200278
279,5200279
280,5200280
281,5200281
282,5200282
283,5200283
284,5200284
285,5200285
286,5200286
287,5200287
288,5200288
289,5200289
290,5200290
291,5200291
292,5200292
293,5200293
294,5200294
295,5200295
296,5200296
297,5200297
298,5200298
299,5200299
300,5200300
301,5200301
302,5200302
303,5200303
304,5200304
305,5200305
306,5200306
307,5200307
308,5200308
309,5200309
310,5200310
311,5200311
312,5200312
313,5200313
314,5200314
315,5200315
316,5200316
317,5200317
318,5200318
319,5200319
320,5200320
321,5200321
322,5200322
323,5200323
324,5200324
325,5200325
326,5200326
327,5200327
328,5200328
329,5200329
330,5200330
331,5200331
332,5200332
333,5200333
334,5200334
335,5200335
336,5200336
337,5200337
338,5200338
339,5200339
340,5200340
341,5200341
342,5200342
343,5200343
344,5200344
345,5200345
346,5200346
347,5200347
348,5200348
349,5200349
350,5200350
351,5200351
352,5200352
353,5200353
354,5200354
355,5200355
356,5200356
357,5200357
358,5200358
359,5200359
360,5200360
361,5200361
362,5200362
363,5200363
364,5200364
365,5200365
366,5200366
367,5200367
368,5200368
369,5200369
370,5200370
371,5200371
372,5200372
373,5200373
374,5200374
375,5200375
376,5200376
377,5200377
378,5200378
379,5200379
380,5200380
381,5200381
382,5200382
383,5200383
384,5200384
385,5200385
386,5200386
387,5200387
388,5200388
389,5200389
390,5200390
391,5200391
392,5200392
393,5200393
394,5200394
395,5200395
396,5200396
397,5200397
398,5200398
399,5200399
400,5200400
401,5200401
402,5200402
403,5200403
404,5200404
405,5200405
406,5200406
407,5200407
408,5200408
409,5200409
410,5200410
411,5200411
412,5200412
413,5200413
414,5200414
415,5200415
416,5200416
417,5200417
418,5200418
419,5200419
420,5200420
421,5200421
422,5200422
423,5200423
424,5200424
425,5200425
426,5200426
427,5200427
428,5200428
429,5200429
430,5200430
431,5200431
432,5200432
433,5200433
434,5200434
435,5200435
436,5200436
437,5200437
438,5200438
439,5200439
440,5200440
441,5200441
442,5200442
443,5200443
444,5200444
445,5200445
446,5200446
447,5200447
448,5200448
449,5200449
450,5200450
451,5200451
452,5200452
453,5200453
454,5200454
455,5200455
456,5200456
457,5200457
458,5200458
459,5200459
460,5200460
461,5200461
462,5200462
463,5200463
464,5200464
465,5200465
466,5200466
467,5200467
468,5200468
469,5200469
470,5200470
471,5200471
472,5200472
473,5200473
474,5200474
475,5200475
476,5200476
477,5200477
478,5200478
479,5200479
480,5200480
481,5200481
482,5200482
483,5200483
484,5200484
485,5200485
486,5200486
487,5200487
488,5200488
489,5200489
490,5200490
491,5200491
492,5200492
493,5200493
494,5200494
495,5200495
496,5200496
497,5200497
498,5200498
499,5200499
500,5200500
501,5200501
502,5200502
503,5200503
504,5200504
505,5200505
506,5200506
507,5200507
508,5200508
509,5200509
510,5200510
511,5200511
512,5200512
513,5200513
514,5200514
515,5200515
516,5200516
517,5200517
518,5200518
519,5200519
520,5200520
521,5200521
522,5200522
523,5200523
524,5200524
525,5200525
526,5200526
527,5200527
528,5200528
529,5200529
530,5200530
531,5200531
532,5200532
533,5200533
534,5200534
535,5200535
536,5200536
537,5200537
538,5200538
539,5200539
540,5200540
541,5200541
542,5200542
543,5200543
544,5200544
545,5200545
546,5200546
547,5200547
548,5200548
549,5200549
550,5200550
551,5200551
552,5200552
553,5200553
554,5200554
555,5200555
556,5200556
557,5200557
558,5200558
559,5200559
560,5200560
561,5200561
562,5200562
563,5200563
564,5200564
565,5200565
566,5200566
567,5200567
568,5200568
569,5200569
570,5200570
571,5200571
572,5200572
573,5200573
574,5200574
575,5200575
576,5200576
577,5200577
578,5200578
579,5200579
580,5200580
581,5200581
582,5200582
583,5200583
584,5200584
585,5200585
586,5200586
587,5200587
588,5200588
589,5200589
590,5200590
591,5200591
592,5200592
593,5200593
594,5200594
595,5200595
596,5200596
597,5200597
598,5200598
599,5200599
600,5200600
601,5200601
602,5200602
603,5200603
604,5200604
605,5200605
606,5200606
607,5200607
608,5200608
609,5200609
610,5200610
611,5200611
612,5200612
613,5200613
614,5200614
615,5200615
616,5200616
617,5200617
618,5200618
619,5200619
620,5200620
621,5200621
622,5200622
623,5200623
624,5200624
625,5200625
626,5200626
627,5200627
628,5200628
629,5200629
630,5200630
631,5200631
632,5200632
633,5200633
634,5200634
635,5200635
636,5200636
637,5200637
638,5200638
639,5200639
640,5200640
641,5200641
642,5200642
643,5200643
644,5200644
645,5200645
646,5200646
647,5200647
648,5200648
649,5200649
650,5200650
651,5200651
652,5200652
653,5200653
654,5200654
655,5200655
656,5200656
657,5200657
658,5200658
659,5200659
660,5200660
661,5200661
662,5200662
663,5200663
664,5200664
665,5200665
666,5200666
667,5200667
668,5200668
669,5200669
670,5200670
671,5200671
672,5200672
673,5200673
674,5200674
675,5200675
676,5200676
677,5200677
678,5200678
679,5200679
680,5200680
681,5200681
682,5200682
683,5200683
684,5200684
685,5200685
686,5200686
687,5200687
688,5200688
689,5200689
690,5200690
691,5200691
692,5200692
693,5200693
694,5200694
695,5200695
696,5200696
697,5200697
698,5200698
699,5200699
700,5200700
701,5200701
702,5200702
703,5200703
704,5200704
705,5200705
706,5200706
707,5200707
708,5200708
709,5200709
710,5200710
711,5200711
712,5200712
713,5200713
714,5200714
715,5200715
716,5200716
717,5200717
718,5200718
719,5200719
720,5200720
721,5200721
722,5200722
723,5200723
724,5200724
725,5200725
726,5200726
727,5200727
728,5200728
729,5200729
730,5200730
731,5200731
732,5200732
733,5200733
734,5200734
735,5200735
736,5200736
737,5200737
738,5200738
739,5200739
740,5200740
741,5200741
742,5200742
743,5200743
744,5200744
745,5200745
746,5200746
747,5200747
748,5200748
749,5200749
750,5200750
751,5200751
752,5200752
753,5200753
754,5200754
755,5200755
756,5200756
757,5200757
758,5200758
759,5200759
760,5200760
761,5200761
762,5200762
763,5200763
764,5200764
765,5200765
766,5200766
767,5200767
768,5200768
769,5200769
770,5200770
771,5200771
772,5200772
773,5200773
774,5200774
775,5200775
776,5200776
777,5200777
778,5200778
779,5200779
780,5200780
781,5200781
782,5200782
783,5200783
784,5200784
785,5200785
786,5200786
787,5200787
788,5200788
789,5200789
790,5200790
791,5200791
792,5200792
793,5200793
794,5200794
795,5200795
796,5200796
797,5200797
798,5200798
799,5200799
800,5200800
801,5200801
802,5200802
803,5200803
804,5200804
805,5200805
806,5200806
807,5200807
808,5200808
809,5200809
810,5200810
811,5200811
812,5200812
813,5200813
814,5200814
815,5200815
816,5200816
817,5200817
818,5200818
819,5200819
820,5200820
821,5200821
822,5200822
823,5200823
824,5200824
825,5200825
826,5200826
827,5200827
828,5200828
829,5200829
830,5200830
831,5200831
832,5200832
833,5200833
834,5200834
835,5200835
836,5200836
837,5200837
838,5200838
839,5200839
840,5200840
841,5200841
842,5200842
843,5200843
844,5200844
845,5200845
846,5200846
847,5200847
848,5200848
849,5200849
850,5200850
851,5200851
852,5200852
853,5200853
854,5200854
855,5200855
856,5200856
857,5200857
858,5200858
859,5200859
860,5200860
861,5200861
862,5200862
863,5200863
864,5200864
865,5200865
866,5200866
867,5200867
868,5200868
869,5200869
870,5200870
871,5200871
872,5200872
873,5200873
874,5200874
875,5200875
876,5200876
877,5200877
878,5200878
879,5200879
880,5200880
881,5200881
882,5200882
883,5200883
884,5200884
885,5200885
886,5200886
887,5200887
888,5200888
889,5200889
890,5200890
891,5200891
892,5200892
893,5200893
894,5200894
895,5200895
896,5200896
897,5200897
898,5200898
899,5200899
900,5200900
901,5200901
902,5200902
903,5200903
904,5200904
905,5200905
906,5200906
907,5200907
908,5200908
909,5200909
910,5200910
911,5200911
912,5200912
913,5200913
914,5200914
915,5200915
916,5200916
917,5200917
918,5200918
919,5200919
920,5200920
921,5200921
922,5200922
923,5200923
924,5200924
925,5200925
926,5200926
927,5200927
928,5200928
929,5200929
930,5200930
931,5200931
932,5200932
933,5200933
934,5200934
935,5200935
936,5200936
937,5200937
938,5200938
939,5200939
940,5200940
941,5200941
942,5200942
943,5200943
944,5200944
945,5200945
946,5200946
947,5200947
948,5200948
949,5200949
950,5200950
951,5200951
952,5200952
953,5200953
954,5200954
955,5200955
956,5200956
957,5200957
958,5200958
959,5200959
960,5200960
961,5200961
962,5200962
963,5200963
964,5200964
965,5200965
966,5200966
967,5200967
968,5200968
969,5200969
970,5200970
971,5200971
972,5200972
973,5200973
974,5200974
975,5200975
976,5200976
977,5200977
978,5200978
979,5200979
980,5200980
981,5200981
982,5200982
983,5200983
984,5200984
985,5200985
986,5200986
987,5200987
988,5200988
989,5200989
990,5200990
991,5200991
992,5200992
993,5200993
994,5200994
995,5200995
996,5200996
997,5200997
998,5200998
999,5200999
1000,5201000
1001,5201001
1002,5201002
1003,5201003
1004,5201004
1005,5201005
1006,5201006
1007,5201007
1008,5201008
1009,5201009
1010,5201010
1011,5201011
1012,5201012
1013,5201013
1014,5201014
1015,5201015
1016,5201016
1017,5201017
1018,5201018
1019,5201019
1020,5201020
1021,5201021
1022,5201022
1023,5201023
1024,5201024
1025,5201025
1026,5201026
1027,5201027
1028,5201028
1029,5201029
1030,5201030
1031,5201031
1032,5201032
1033,5201033
1034,5201034
1035,5201035
1036,5201036
1037,5201037
1038,5201038
1039,5201039
1040,5201040
1041,5201041
1042,5201042
1043,5201043
1044,5201044
1045,5201045
1046,5201046
1047,5201047
1048,5201048
1049,5201049
1050,5201050
1051,5201051
1052,5201052
1053,5201053
1054,5201054
1055,5201055
1056,5201056
1057,5201057
1058,5201058
1059,5201059
1060,5201060
1061,5201061
1062,5201062
1063,5201063
1064,5201064
1065,5201065
1066,5201066
1067,5201067
1068,5201068
1069,5201069
1070,5201070
1071,5201071
1072,5201072
1073,5201073
1074,5201074
1075,5201075
1076,5201076
1077,5201077
1078,5201078
1079,5201079
1080,5201080
1081,5201081
1082,5201082
1083,5201083
1084,5201084
1085,5201085
1086,5201086
1087,5201087
1088,5201088
1089,5201089
1090,5201090
1091,5201091
1092,5201092
1093,5201093
1094,5201094
1095,5201095
1096,5201096
1097,5201097
1098,5201098
1099,5201099
1100,5201100
1101,5201101
1102,5201102
1103,5201103
1104,5201104
1105,5201105
1106,5201106
1107,5201107
1108,5201108
1109,5201109
1110,5201110
1111,5201111
1112,5201112
1113,5201113
1114,5201114
1115,5201115
1116,5201116
1117,5201117
1118,5201118
1119,5201119
1120,5201120
1121,5201121
1122,5201122
1123,5201123
1124,5201124
1125,5201125
1126,5201126
1127,5201127
1128,5201128
1129,5201129
1130,5201130
1131,5201131
1132,5201132
1133,5201133
1134,5201134
1135,5201135
1136,5201136
1137,5201137
1138,5201138
1139,5201139
1140,5201140
1141,5201141
1142,5201142
1143,5201143
1144,5201144
1145,5201145
1146,5201146
1147,5201147
1148,5201148
1149,5201149
1150,5201150
1151,5201151
1152,5201152
1153,5201153
1154,5201154
1155,5201155
1156,5201156
1157,5201157
1158,5201158
1159,5201159
1160,5201160
1161,5201161
1162,5201162
1163,5201163
1164,5201164
1165,5201165
1166,5201166
1167,5201167
1168,5201168
1169,5201169
1170,5201170
1171,5201171
1172,5201172
1173,5201173
1174,5201174
1175,5201175
1176,5201176
1177,5201177
1178,5201178
1179,5201179
1180,5201180
1181,5201181
1182,5201182
1183,5201183
1184,5201184
1185,5201185
1186,5201186
1187,5201187
1188,5201188
1189,5201189
1190,5201190
1191,5201191
1192,5201192
1193,5201193
1194,5201194
1195,5201195
1196,5201196
1197,5201197
1198,5201198
1199,5201199
1200,5201200
1201,5201201
1202,5201202
1203,5201203
1204,5201204
1205,5201205
1206,5201206
1207,5201207
1208,5201208
1209,5201209
1210,5201210
1211,5201211
1212,5201212
1213,5201213
1214,5201214
1215,5201215
1216,5201216
1217,5201217
1218,5201218
1219,5201219
1220,5201220
1221,5201221
1222,5201222
1223,5201223
1224,5201224
1225,5201225
1226,5201226
1227,5201227
1228,5201228
1229,5201229
1230,5201230
1231,5201231
1232,5201232
1233,5201233
1234,5201234
1235,5201235
1236,5201236
1237,5201237
1238,5201238
1239,5201239
1240,5201240
1241,5201241
1242,5201242
1243,5201243
1244,5201244
1245,5201245
1246,5201246
1247,5201247
1248,5201248
1249,5201249
1250,5201250
1251,5201251
1252,5201252
1253,5201253
1254,5201254
1255,5201255
1256,5201256
1257,5201257
1258,5201258
1259,5201259
1260,5201260
1261,5201261
1262,5201262
1263,5201263
1264,5201264
1265,5201265
1266,5201266
1267,5201267
1268,5201268
1269,5201269
1270,5201270
1271,5201271
1272,5201272
1273,5201273
1274,5201274
1275,5201275
1276,5201276
1277,5201277
1278,5201278
1279,5201279
1280,5201280
1281,5201281
1282,5201282
1283,5201283
1284,5201284
1285,5201285
1286,5201286
1287,5201287
1288,5201288
1289,5201289
1290,5201290
1291,5201291
1292,5201292
1293,5201293
1294,5201294
1295,5201295
1296,5201296
1297,5201297
1298,5201298
1299,5201299
1300,5201300
1301,5201301
1302,5201302
1303,5201303
1304,5201304
1305,5201305
1306,5201306
1307,5201307
1308,5201308
1309,5201309
1310,5201310
1311,5201311
1312,5201312
1313,5201313
1314,5201314
1315,5201315
1316,5201316
1317,5201317
1318,5201318
1319,5201319
1320,5201320
1321,5201321
1322,5201322
1323,5201323
1324,5201324
1325,5201325
1326,5201326
1327,5201327
1328,5201328
1329,5201329
1330,5201330
1331,5201331
1332,5201332
1333,5201333
1334,5201334
1335,5201335
1336,5201336
1337,5201337
1338,5201338
1339,5201339
1340,5201340
1341,5201341
1342,5201342
1343,5201343
1344,5201344
1345,5201345
1346,5201346
1347,5201347
1348,5201348
1349,5201349
1350,5201350
1351,5201351
1352,5201352
1353,5201353
1354,5201354
1355,5201355
1356,5201356
1357,5201357
1358,5201358
1359,5201359
1360,5201360
1361,5201361
1362,5201362
1363,5201363
1364,5201364
1365,5201365
1366,5201366
1367,5201367
1368,5201368
1369,5201369
1370,5201370
1371,5201371
1372,5201372
1373,5201373
1374,5201374
1375,5201375
1376,5201376
1377,5201377
1378,5201378
1379,5201379
1380,5201380
1381,5201381
1382,5201382
1383,5201383
1384,5201384
1385,5201385
1386,5201386
1387,5201387
1388,5201388
1389,5201389
1390,5201390
1391,5201391
1392,5201392
1393,5201393
1394,5201394
1395,5201395
1396,5201396
1397,5201397
1398,5201398
1399,5201399
1400,5201400
1401,5201401
1402,5201402
1403,5201403
1404,5201404
1405,5201405
1406,5201406
1407,5201407
1408,5201408
1409,5201409
1410,5201410
1411,5201411
1412,5201412
1413,5201413
1414,5201414
1415,5201415
1416,5201416
1417,5201417
1418,5201418
1419,5201419
1420,5201420
1421,5201421
1422,5201422
1423,5201423
1424,5201424
1425,5201425
1426,5201426
1427,5201427
1428,5201428
1429,5201429
1430,5201430
1431,5201431
1432,5201432
1433,5201433
1434,5201434
1435,5201435
1436,5201436
1437,5201437
1438,5201438
1439,5201439
1440,5201440
1441,5201441
1442,5201442
1443,5201443
1444,5201444
1445,5201445
1446,5201446
1447,5201447
1448,5201448
1449,5201449
1450,5201450
1451,5201451
1452,5201452
1453,5201453
1454,5201454
1455,5201455
1456,5201456
1457,5201457
1458,5201458
1459,5201459
1460,5201460
1461,5201461
1462,5201462
1463,5201463
1464,5201464
1465,5201465
1466,5201466
1467,5201467
1468,5201468
1469,5201469
1470,5201470
1471,5201471
1472,5201472
1473,5201473
1474,5201474
1475,5201475
1476,5201476
1477,5201477
1478,5201478
1479,5201479
1480,5201480
1481,5201481
1482,5201482
1483,5201483
1484,5201484
1485,5201485
1486,5201486
1487,5201487
1488,5201488
1489,5201489
1490,5201490
1491,5201491
1492,5201492
1493,5201493
1494,5201494
1495,5201495
1496,5201496
1497,5201497
1498,5201498
1499,5201499
1500,5201500
1501,5201501
1502,5201502
1503,5201503
1504,5201504
1505,5201505
1506,5201506
1507,5201507
1508,5201508
1509,5201509
1510,5201510
1511,5201511
1512,5201512
1513,5201513
1514,5201514
1515,5201515
1516,5201516
1517,5201517
1518,5201518
1519,5201519
1520,5201520
1521,5201521
1522,5201522
1523,5201523
1524,5201524
1525,5201525
1526,5201526
1527,5201527
1528,5201528
1529,5201529
1530,5201530
1531,5201531
1532,5201532
1533,5201533
1534,5201534
1535,5201535
1536,5201536
1537,5201537
1538,5201538
1539,5201539
1540,5201540
1541,5201541
1542,5201542
1543,5201543
1544,5201544
1545,5201545
1546,5201546
1547,5201547
1548,5201548
1549,5201549
1550,5201550
1551,5201551
1552,5201552
1553,5201553
1554,5201554
1555,5201555
1556,5201556
1557,5201557
1558,5201558
1559,5201559
1560,5201560
1561,5201561
1562,5201562
1563,5201563
1564,5201564
1565,5201565
1566,5201566
1567,5201567
1568,5201568
1569,5201569
1570,5201570
1571,5201571
1572,5201572
1573,5201573
1574,5201574
1575,5201575
1576,5201576
1577,5201577
1578,5201578
1579,5201579
1580,5201580
1581,5201581
1582,5201582
1583,5201583
1584,5201584
1585,5201585
1586,5201586
1587,5201587
1588,5201588
1589,5201589
1590,5201590
1591,5201591
1592,5201592
1593,5201593
1594,5201594
1595,5201595
1596,5201596
1597,5201597
1598,5201598
1599,5201599
1600,5201600
1601,5201601
1602,5201602
1603,5201603
1604,5201604
1605,5201605
1606,5201606
1607,5201607
1608,5201608
1609,5201609
1610,5201610
1611,5201611
1612,5201612
1613,5201613
1614,5201614
1615,5201615
1616,5201616
1617,5201617
1618,5201618
1619,5201619
1620,5201620
1621,5201621
1622,5201622
1623,5201623
1624,5201624
1625,5201625
1626,5201626
1627,5201627
1628,5201628
1629,5201629
1630,5201630
1631,5201631
1632,5201632
1633,5201633
1634,5201634
1635,5201635
1636,5201636
1637,5201637
1638,5201638
1639,5201639
1640,5201640
1641,5201641
1642,5201642
1643,5201643
1644,5201644
1645,5201645
1646,5201646
1647,5201647
1648,5201648
1649,5201649
1650,5201650
1651,5201651
1652,5201652
1653,5201653
1654,5201654
1655,5201655
1656,5201656
1657,5201657
1658,5201658
1659,5201659
1660,5201660
1661,5201661
1662,5201662
1663,5201663
1664,5201664
1665,5201665
1666,5201666
1667,5201667
1668,5201668
1669,5201669
1670,5201670
1671,5201671
1672,5201672
1673,5201673
1674,5201674
1675,5201675
1676,5201676
1677,5201677
1678,5201678
1679,5201679
1680,5201680
1681,5201681
1682,5201682
1683,5201683
1684,5201684
1685,5201685
1686,5201686
1687,5201687
1688,5201688
1689,5201689
1690,5201690
1691,5201691
1692,5201692
1693,5201693
1694,5201694
1695,5201695
1696,5201696
1697,5201697
1698,5201698
1699,5201699
1700,5201700
1701,5201701
1702,5201702
1703,5201703
1704,5201704
1705,5201705
1706,5201706
1707,5201707
1708,5201708
1709,5201709
1710,5201710
1711,5201711
1712,5201712
1713,5201713
1714,5201714
1715,5201715
1716,5201716
1717,5201717
1718,5201718
1719,5201719
1720,5201720
1721,5201721
1722,5201722
1723,5201723
1724,5201724
1725,5201725
1726,5201726
1727,5201727
1728,5201728
1729,5201729
1730,5201730
1731,5201731
1732,5201732
1733,5201733
1734,5201734
1735,5201735
1736,5201736
1737,5201737
1738,5201738
1739,5201739
1740,5201740
1741,5201741
1742,5201742
1743,5201743
1744,5201744
1745,5201745
1746,5201746
1747,5201747
1748,5201748
1749,5201749
1750,5201750
1751,5201751
1752,5201752
1753,5201753
1754,5201754
1755,5201755
1756,5201756
1757,5201757
1758,5201758
1759,5201759
1760,5201760
1761,5201761
1762,5201762
1763,5201763
1764,5201764
1765,5201765
1766,5201766
1767,5201767
1768,5201768
1769,5201769
1770,5201770
1771,5201771
1772,5201772
1773,5201773
1774,5201774
1775,5201775
1776,5201776
1777,5201777
1778,5201778
1779,5201779
1780,5201780
1781,5201781
1782,5201782
1783,5201783
1784,5201784
1785,5201785
1786,5201786
1787,5201787
1788,5201788
1789,5201789
1790,5201790
1791,5201791
1792,5201792
1793,5201793
1794,5201794
1795,5201795
1796,5201796
1797,5201797
1798,5201798
1799,5201799
1800,5201800
1801,5201801
1802,5201802
1803,5201803
1804,5201804
1805,5201805
1806,5201806
1807,5201807
1808,5201808
1809,5201809
1810,5201810
1811,5201811
1812,5201812
1813,5201813
1814,5201814
1815,5201815
1816,5201816
1817,5201817
1818,5201818
1819,5201819
1820,5201820
1821,5201821
1822,5201822
1823,5201823
1824,5201824
1825,5201825
1826,5201826
1827,5201827
1828,5201828
1829,5201829
1830,5201830
1831,5201831
1832,5201832
1833,5201833
1834,5201834
1835,5201835
1836,5201836
1837,5201837
1838,5201838
1839,5201839
1840,5201840
1841,5201841
1842,5201842
1843,5201843
1844,5201844
1845,5201845
1846,5201846
1847,5201847
1848,5201848
1849,5201849
1850,5201850
1851,5201851
1852,5201852
1853,5201853
1854,5201854
1855,5201855
1856,5201856
1857,5201857
1858,5201858
1859,5201859
1860,5201860
1861,5201861
1862,5201862
1863,5201863
1864,5201864
1865,5201865
1866,5201866
1867,5201867
1868,5201868
1869,5201869
1870,5201870
1871,5201871
1872,5201872
1873,5201873
1874,5201874
1875,5201875
1876,5201876
1877,5201877
1878,5201878
1879,5201879
1880,5201880
1881,5201881
1882,5201882
1883,5201883
1884,5201884
1885,5201885
1886,5201886
1887,5201887
1888,5201888
1889,5201889
1890,5201890
1891,5201891
1892,5201892
1893,5201893
1894,5201894
1895,5201895
1896,5201896
1897,5201897
1898,5201898
1899,5201899
1900,5201900
1901,5201901
1902,5201902
1903,5201903
1904,5201904
1905,5201905
1906,5201906
1907,5201907
1908,5201908
1909,5201909
1910,5201910
1911,5201911
1912,5201912
1913,5201913
1914,5201914
1915,5201915
1916,5201916
1917,5201917
1918,5201918
1919,5201919
1920,5201920
1921,5201921
1922,5201922
1923,5201923
1924,5201924
1925,5201925
1926,5201926
1927,5201927
1928,5201928
1929,5201929
1930,5201930
1931,5201931
1932,5201932
1933,5201933
1934,5201934
1935,5201935
1936,5201936
1937,5201937
1938,5201938
1939,5201939
1940,5201940
1941,5201941
1942,5201942
1943,5201943
1944,5201944
1945,5201945
1946,5201946
1947,5201947
1948,5201948
1949,5201949
1950,5201950
1951,5201951
1952,5201952
1953,5201953
1954,5201954
1955,5201955
1956,5201956
1957,5201957
1958,5201958
1959,5201959
1960,5201960
1961,5201961
1962,5201962
1963,5201963
1964,5201964
1965,5201965
1966,5201966
1967,5201967
1968,5201968
1969,5201969
1970,5201970
1971,5201971
1972,5201972
1973,5201973
1974,5201974
1975,5201975
1976,5201976
1977,5201977
1978,5201978
1979,5201979
1980,5201980
1981,5201981
1982,5201982
1983,5201983
1984,5201984
1985,5201985
1986,5201986
1987,5201987
1988,5201988
1989,5201989
1990,5201990
1991,5201991
1992,5201992
1993,5201993
1994,5201994
1995,5201995
1996,5201996
1997,5201997
1998,5201998
1999,5201999
2000,5202000
2001,5202001
2002,5202002
2003,5202003
2004,5202004
2005,5202005
2006,5202006
2007,5202007
2008,5202008
2009,5202009
2010,5202010
2011,5202011
2012,5202012
2013,5202013
2014,5202014
2015,5202015
2016,5202016
2017,5202017
2018,5202018
2019,5202019
2020,5202020
2021,5202021
2022,5202022
2023,5202023
2024,5202024
2025,5202025
2026,5202026
2027,5202027
2028,5202028
2029,5202029
2030,5202030
2031,5202031
2032,5202032
2033,5202033
2034,5202034
2035,5202035
2036,5202036
2037,5202037
2038,5202038
2039,5202039
2040,5202040
2041,5202041
2042,5202042
2043,5202043
2044,5202044
2045,5202045
2046,5202046
2047,5202047
2048,5202048
2049,5202049
2050,5202050
2051,5202051
2052,5202052
2053,5202053
2054,5202054
2055,5202055
2056,5202056
2057,5202057
2058,5202058
2059,5202059
2060,5202060
2061,5202061
2062,5202062
2063,5202063
2064,5202064
2065,5202065
2066,5202066
2067,5202067
2068,5202068
2069,5202069
2070,5202070
2071,5202071
2072,5202072
2073,5202073
2074,5202074
2075,5202075
2076,5202076
2077,5202077
2078,5202078
2079,5202079
2080,5202080
2081,5202081
2082,5202082
2083,5202083
2084,5202084
2085,5202085
2086,5202086
2087,5202087
2088,5202088
2089,5202089
2090,5202090
2091,5202091
2092,5202092
2093,5202093
2094,5202094
2095,5202095
2096,5202096
2097,5202097
2098,5202098
2099,5202099
2100,5202100
2101,5202101
2102,5202102
2103,5202103
2104,5202104
2105,5202105
2106,5202106
2107,5202107
2108,5202108
2109,5202109
2110,5202110
2111,5202111
2112,5202112
2113,5202113
2114,5202114
2115,5202115
2116,5202116
2117,5202117
2118,5202118
2119,5202119
2120,5202120
2121,5202121
2122,5202122
2123,5202123
2124,5202124
2125,5202125
2126,5202126
2127,5202127
2128,5202128
2129,5202129
2130,5202130
2131,5202131
2132,5202132
2133,5202133
2134,5202134
2135,5202135
2136,5202136
2137,5202137
2138,5202138
2139,5202139
2140,5202140
2141,5202141
2142,5202142
2143,5202143
2144,5202144
2145,5202145
2146,5202146
2147,5202147
2148,5202148
2149,5202149
2150,5202150
2151,5202151
2152,5202152
2153,5202153
2154,5202154
2155,5202155
2156,5202156
2157,5202157
2158,5202158
2159,5202159
2160,5202160
2161,5202161
2162,5202162
2163,5202163
2164,5202164
2165,5202165
2166,5202166
2167,5202167
2168,5202168
2169,5202169
2170,5202170
2171,5202171
2172,5202172
2173,5202173
2174,5202174
2175,5202175
2176,5202176
2177,5202177
2178,5202178
2179,5202179
2180,5202180
2181,5202181
2182,5202182
2183,5202183
2184,5202184
2185,5202185
2186,5202186
2187,5202187
2188,5202188
2189,5202189
2190,5202190
2191,5202191
2192,5202192
2193,5202193
2194,5202194
2195,5202195
2196,5202196
2197,5202197
2198,5202198
2199,5202199
2200,5202200
2201,5202201
2202,5202202
2203,5202203
2204,5202204
2205,5202205
2206,5202206
2207,5202207
2208,5202208
2209,5202209
2210,5202210
2211,5202211
2212,5202212
2213,5202213
2214,5202214
2215,5202215
2216,5202216
2217,5202217
2218,5202218
2219,5202219
2220,5202220
2221,5202221
2222,5202222
2223,5202223
2224,5202224
2225,5202225
2226,5202226
2227,5202227
2228,5202228
2229,5202229
2230,5202230
2231,5202231
2232,5202232
2233,5202233
2234,5202234
2235,5202235
2236,5202236
2237,5202237
2238,5202238
2239,5202239
2240,5202240
2241,5202241
2242,5202242
2243,5202243
2244,5202244
2245,5202245
2246,5202246
2247,5202247
2248,5202248
2249,5202249
2250,5202250
2251,5202251
2252,5202252
2253,5202253
2254,5202254
2255,5202255
2256,5202256
2257,5202257
2258,5202258
2259,5202259
2260,5202260
2261,5202261
2262,5202262
2263,5202263
2264,5202264
2265,5202265
2266,5202266
2267,5202267
2268,5202268
2269,5202269
2270,5202270
2271,5202271
2272,5202272
2273,5202273
2274,5202274
2275,5202275
2276,5202276
2277,5202277
2278,5202278
2279,5202279
2280,5202280
2281,5202281
2282,5202282
2283,5202283
2284,5202284
2285,5202285
2286,5202286
2287,5202287
2288,5202288
2289,5202289
2290,5202290
2291,5202291
2292,5202292
2293,5202293
2294,5202294
2295,5202295
2296,5202296
2297,5202297
2298,5202298
2299,5202299
2300,5202300
2301,5202301
2302,5202302
2303,5202303
2304,5202304
2305,5202305
2306,5202306
2307,5202307
2308,5202308
2309,5202309
2310,5202310
2311,5202311
2312,5202312
2313,5202313
2314,5202314
2315,5202315
2316,5202316
2317,5202317
2318,5202318
2319,5202319
2320,5202320
2321,5202321
2322,5202322
2323,5202323
2324,5202324
2325,5202325
2326,5202326
2327,5202327
2328,5202328
2329,5202329
2330,5202330
2331,5202331
2332,5202332
2333,5202333
2334,5202334
2335,5202335
2336,5202336
2337,5202337
2338,5202338
2339,5202339
2340,5202340
2341,5202341
2342,5202342
2343,5202343
2344,5202344
2345,5202345
2346,5202346
2347,5202347
2348,5202348
2349,5202349
2350,5202350
2351,5202351
2352,5202352
2353,5202353
2354,5202354
2355,5202355
2356,5202356
2357,5202357
2358,5202358
2359,5202359
2360,5202360
2361,5202361
2362,5202362
2363,5202363
2364,5202364
2365,5202365
2366,5202366
2367,5202367
2368,5202368
2369,5202369
2370,5202370
2371,5202371
2372,5202372
2373,5202373
2374,5202374
2375,5202375
2376,5202376
2377,5202377
2378,5202378
2379,5202379
2380,5202380
2381,5202381
2382,5202382
2383,5202383
2384,5202384
2385,5202385
2386,5202386
2387,5202387
2388,5202388
2389,5202389
2390,5202390
2391,5202391
2392,5202392
2393,5202393
2394,5202394
2395,5202395
2396,5202396
2397,5202397
2398,5202398
2399,5202399
2400,5202400
2401,5202401
2402,5202402
2403,5202403
2404,5202404
2405,5202405
2406,5202406
2407,5202407
2408,5202408
2409,5202409
2410,5202410
2411,5202411
2412,5202412
2413,5202413
2414,5202414
2415,5202415
2416,5202416
2417,5202417
2418,5202418
2419,5202419
2420,5202420
2421,5202421
2422,5202422
2423,5202423
2424,5202424
2425,5202425
2426,5202426
2427,5202427
2428,5202428
2429,5202429
2430,5202430
2431,5202431
2432,5202432
2433,5202433
2434,5202434
2435,5202435
2436,5202436
2437,5202437
2438,5202438
2439,5202439
2440,5202440
2441,5202441
2442,5202442
2443,5202443
2444,5202444
2445,5202445
2446,5202446
2447,5202447
2448,5202448
2449,5202449
2450,5202450
2451,5202451
2452,5202452
2453,5202453
2454,5202454
2455,5202455
2456,5202456
2457,5202457
2458,5202458
2459,5202459
2460,5202460
2461,5202461
2462,5202462
2463,5202463
2464,5202464
2465,5202465
2466,5202466
2467,5202467
2468,5202468
2469,5202469
2470,5202470
2471,5202471
2472,5202472
2473,5202473
2474,5202474
2475,5202475
2476,5202476
2477,5202477
2478,5202478
2479,5202479
2480,5202480
2481,5202481
2482,5202482
2483,5202483
2484,5202484
2485,5202485
2486,5202486
2487,5202487
2488,5202488
2489,5202489
2490,5202490
2491,5202491
2492,5202492
2493,5202493
2494,5202494
2495,5202495
2496,5202496
2497,5202497
2498,5202498
2499,5202499
2500,5202500
2501,8800500
2502,1600702
2503,2800549
2504,8804016
2505,2800848
2506,6904125
2507,6903319
2508,5200749
2509,1600645
2510,2800422
2511,1600967
2512,1604236
2513,1603324
2514,8803924
2515,2800972
2516,8800457
2517,8803600
2518,8800485
2519,1600116
2520,8803067
2521,2800949
2522,2800707
2523,8803119
2524,8803155
2525,8803491
2526,2801719
2527,8803974
2528,1601364
2529,2800706
2530,2800521
2531,8803121
2532,2800319
2533,1601769
2534,6900198
2535,2800832
2536,8802690
2537,8803136
2538,8804017
2539,8803427
2540,5800892
2541,1604304
2542,1601270
2543,6901917
2544,8804047
2545,1600604
2546,6902895
2547,1603988
2548,8803886
2549,8802689
2550,1604293
2551,8803421
2552,2800703
2553,1603930
2554,2801051
2555,1602833
2556,6901659
2557,8803960
2558,1601388
2559,2800922
2560,5800524
2561,5800527
2562,1601719
2563,8804070
2564,8800491
2565,2800809
2566,8803675
2567,2801713
2568,2800921
2569,2801776
2570,1601751
2571,8804084
2572,8803388
2573,2801027
2574,6901589
2575,8802110
2576,1601692
2577,2801687
2578,2801979
2579,8803168
2580,1600616
2581,6903856
2582,8803496
2583,8804050
2584,2801706
2585,2801894
2586,1600581
2587,8803616
2588,8803166
2589,2801342
2590,8804023
2591,1601746
2592,1602635
2593,2800836
2594,6901843
2595,2800950
2596,1604218
2597,1601391
2598,1604901
2599,8803070
2600,1604003
2601,1604937
2602,6904130
2603,6901956
2604,1602254
2605,6901724
2606,8804003
2607,1601372
2608,2800834
2609,2800687
2610,8804011
2611,2800849
2612,1601315
2613,2801688
2614,2800923
2615,6900213
2616,8804058
2617,8803909
2618,8803143
2619,1604232
2620,2802094
2621,1601761
2622,2800837
2623,2801773
2624,1601585
2625,8803197
2626,8803183
2627,8800453
2628,2801714
2629,1600578
2630,8803142
2631,8803092
2632,8800456
2633,2800838
2634,8804194
2635,8804019
2636,6902159
2637,2800804
2638,8802699
2639,2801173
2640,8803489
2641,8803367
2642,2801381
2643,2800644
2644,8802440
2645,6901821
2646,1603920
2647,5300891
2648,8804088
2649,2800850
2650,1604350
2651,8803961
2652,8803597
2653,8804014
2654,1601669
2655,1604376
2656,8804053
2657,8803177
2658,2800708
2659,6903718
2660,2800132
2661,1603711
2662,8803998
2663,5800056
2664,2801069
2665,8802552
2666,2800835
2667,8803081
2668,8800475
2669,2801716
2670,8802353
2671,1604097
2672,1603677
2673,1600669
2674,5801692
2675,2800960
2676,8803171
2677,2802062
2678,1602489
2679,2800948
2680,1601421
2681,8803833
2682,5800449
2683,5802357
2684,8803094
2685,2801978
2686,2802077
2687,8802190
2688,2800975
2689,2800008
2690,2801897
2691,2802084
2692,8803137
2693,2802087
2694,2800969
2695,1601659
2696,6903894
2697,1600370
2698,1600086
2699,2800983
2700,6903503
2701,6904173
2702,2801672
2703,8803456
2704,2801673
2705,2801365
2706,8800459
2707,1600168
2708,2802083
2709,2800976
2710,8803178
2711,2801154
2712,8803803
2713,1601327
2714,8802430
2715,2801062
2716,8802316
2717,8802155
2718,8803831
2719,2801679
2720,1604979
2721,2802086
2722,2801113
2723,8803615
2724,8803174
2725,1602488
2726,8803450
2727,8803579
2728,2801720
2729,8804093
2730,8804166
2731,1601545
2732,2801056
2733,8803167
2734,8804013
2735,8803591
2736,2802020
2737,6904138
2738,6902323
2739,2800947
2740,8803903
2741,1600195
2742,8803429
2743,1601612
2744,8800478
2745,1601553
2746,8803500
2747,8803660
2748,2802085
2749,8803674
2750,2801160
2751,2802092
2752,8803825
2753,2801710
2754,1603240
2755,2800808
2756,8803139
2757,8802597
2758,1604030
2759,8803931
2760,2801893
2761,8803086
2762,2801956
2763,5802320
2764,8804045
2765,8802551
2766,8803676
2767,2801172
2768,8804197
2769,2800839
2770,8802687
2771,6901725
2772,5800386
2773,8803116
2774,2802076
2775,1601752
2776,2801675
2777,6902089
2778,1604052
2779,2802074
2780,6901728
2781,1602640
2782,2800854
2783,2800944
2784,8800335
2785,6902272
2786,8802530
2787,8804080
2788,8800339
2789,1601715
2790,1601672
2791,8803101
2792,1601625
2793,1601821
2794,2802064
2795,2801047
2796,8803680
2797,6900960
2798,2801341
2799,8802354
2800,8800479
2801,1600648
2802,2800915
2803,2802069
2804,8803824
2805,1600652
2806,1600752
2807,1602049
2808,6901857
2809,2800932
2810,8803930
2811,8803186
2812,2801961
2813,8803593
2814,8804039
2815,6900784
2816,2800846
2817,8803954
2818,8803464
2819,2800984
2820,8803108
2821,2800919
2822,2801179
2823,2800845
2824,1600101
2825,8803565
2826,1600150
2827,2802073
2828,1600087
2829,2800841
2830,2800810
2831,2800840
2832,1600844
2833,1601898
2834,8803449
2835,5800640
2836,8800495
2837,2801361
2838,8802233
2839,2800842
2840,8800484
2841,2800962
2842,5800474
2843,2801324
2844,2800234
2845,2801765
2846,2800833
2847,5800417
2848,2800847
2849,1601786
2850,1601540
2851,2801861
2852,2801025
2853,5800876
2854,6901806
2855,5800072
2856,5800580
2857,5800029
2858,8803076
2859,2802088
2860,8804074
2861,2801718
2862,1601599
2863,1603953
2864,1601689
2865,6900257
2866,1601624
2867,8800477
2868,6901775
2869,1601373
2870,8803566
2871,5800627
2872,1600110
2873,1600777
2874,8803146
2875,8803132
2876,6901687
2877,1600655
2878,8803447
2879,1601848
2880,8800454
2881,1604080
2882,1601281
2883,2802068
2884,8804032
2885,1601549
2886,8800336
2887,2801968
2888,8804064
2889,1600495
2890,2800914
2891,2801695
2892,2800945
2893,8800474
2894,6900149
2895,6901470
2896,6901722
2897,2800912
2898,1601699
2899,2801671
2900,6902125
2901,8804006
2902,8802140
2903,8802121
2904,2800941
2905,8800496
2906,8803569
2907,2802093
2908,8802498
2909,8803098
2910,6902300
2911,2800831
2912,1604957
2913,8803710
2914,2801892
2915,2802041
2916,8800462
2917,2800028
2918,8802389
2919,8803466
2920,2800959
2921,8802368
2922,6904081
2923,8802688
2924,1600147
2925,2800946
2926,8803948
2927,2800943
2928,8803793
2929,2800097
2930,8804004
2931,2800855
2932,8803071
2933,1603863
2934,2801864
2935,1603374
2936,2800856
2937,8804068
2938,2801084
2939,1600269
2940,8803556
2941,1604424
2942,2800853
2943,2802082
2944,2800913
2945,8803424
2946,2800851
2947,6903746
2948,1600182
2949,8803465
2950,8802127
2951,6902046
2952,1601601
2953,2801325
2954,2801003
2955,8803130
2956,8803908
2957,6901640
2958,8803463
2959,2801677
2960,1600246
2961,8802366
2962,2800911
2963,8800331
2964,2800942
2965,2800843
2966,5802293
2967,8803123
2968,8803976
2969,2800987
2970,8803763
2971,8803400
2972,8800481
2973,2800009
2974,2801323
2975,1600729
2976,2801980
2977,8804089
2978,8802512
2979,1601555
2980,2800126
2981,8802465
2982,1601776
2983,2802097
2984,8803120
2985,2801717
2986,8803490
2987,8803703
2988,1601305
2989,1602834
2990,1604426
2991,8803073
2992,8800494
2993,6904176
2994,8803188
2995,8803149
2996,8804085
2997,2800216
2998,1604062
2999,2802099
3000,8803157
3001,2802013
3002,2801965
3003,2802016
3004,2801966
3005,2802014
3006,8803895
3007,2801693
3008,2802067
3009,2801694
3010,2800036
3011,1604801
3012,8803100
3013,2801046
3014,2802100
3015,2801975
3016,2801899
3017,2802063
3018,8803982
3019,1604278
3020,2801690
3021,2801704
3022,2801711
3023,8803126
3024,2800063
3025,2801699
3026,2801029
3027,8802697
3028,1604085
3029,8803160
3030,8803550
3031,8803097
3032,2800235
3033,2802079
3034,2800029
3035,2800060
3036,1602825
3037,2801357
3038,6904243
3039,8803488
3040,1602999
3041,8803154
3042,6903711
3043,2801136
3044,1603835
3045,2801703
3046,2802089
3047,2800041
3048,2802096
3049,1603881
3050,2800844
3051,8803576
3052,2802018
3053,6904209
3054,2800020
3055,1604430
3056,8803170
3057,2801415
3058,2802066
3059,1600146
3060,6901972
3061,2801702
3062,8803141
3063,6902922
3064,6902949
3065,2801974
3066,2800968
3067,2802019
3068,2802098
3069,5800200
3070,1601855
3071,5801882
3072,2802065
3073,8803570
3074,2801026
3075,2802075
3076,6904292
3077,2802095
3078,2801089
3079,2801957
3080,8804043
3081,2802011
3082,2800238
3083,2801976
3084,8803985
3085,2802072
3086,8803730
3087,2801898
3088,2800186
3089,2801964
3090,2800182
3091,2800006
3092,5800971
3093,2802017
3094,2801971
3095,2802070
3096,2801686
3097,2801895
3098,2801681
3099,2801055
3100,8803365
3101,2801960
3102,8803389
3103,8804005
3104,5801192
3105,1602756
3106,1604239
3107,2802012
3108,8804055
3109,6903329
3110,2800996
3111,1603888
3112,2802090
3113,1603676
3114,2802071
3115,2802015
3116,8803548
3117,2802081
3118,1603715
3119,8803846
3120,2801972
3121,8803672
3122,8804044
3123,2801674
3124,1603916
3125,8803992
3126,8804086
3127,2801697
3128,2801114
3129,8803882
3130,2801698
3131,8803135
3132,8803080
3133,2801689
3134,2801862
3135,2801712
3136,8803127
3137,2801676
3138,2801715
3139,8803678
3140,2801683
3141,8803906
3142,2801700
3143,8803927
3144,2801896
3145,2800034
3146,2801321
3147,2802061
3148,8804199
3149,8803069
3150,2800001
3151,8803497
3152,8803967
3153,8803163
3154,2800197
3155,8804012
3156,8803551
3157,2802091
3158,2801045
3159,6904015
3160,2801958
3161,1604939
3162,8804087
3163,8803654
3164,8803592
3165,8803111
3166,8803501
3167,8803729
3168,8803990
3169,8803983
3170,1603328
3171,2801708
3172,2800931
3173,8804056
3174,8803118
3175,2801701
3176,1604049
3177,8804083
3178,2801684
3179,8803947
3180,1604296
3181,6904102
3182,1604128
3183,8803959
3184,8803161
3185,2801682
3186,8804018
3187,2801678
3188,8804002
3189,8803977
3190,2801709
3191,8804034
3192,8804046
3193,2801227
3194,2800044
3195,8803458
3196,2800105
3197,8803916
3198,2801707
3199,8803129
3200,2801705
3201,8802684
3202,8802558
3203,6903842
3204,1603992
3205,8803432
3206,8803601
3207,8803099
3208,8803089
3209,8803378
3210,8803075
3211,6904111
3212,2801691
3213,8803468
3214,8803902
3215,8803860
3216,6903713
3217,8803191
3218,1602839
3219,2801611
3220,2801293
3221,8803619
3222,8802683
3223,8803946
3224,8804067
3225,2801696
3226,8803564
3227,2801809
3228,2801830
3229,6903340
3230,2801233
3231,1603948
3232,2800470
3233,8803442
3234,8804077
3235,8804192
3236,2802060
3237,2802254
3238,2802167
3239,8803861
3240,8803618
3241,8804035
3242,2801820
3243,2801298
3244,8803493
3245,2800503
3246,2800269
3247,2802256
3248,2801291
3249,2801253
3250,2801501
3251,2801586
3252,2800262
3253,2800791
3254,2800211
3255,8803505
3256,1603952
3257,8804059
3258,8803910
3259,8803508
3260,1604244
3261,2800118
3262,1604184
3263,2801808
3264,8803996
3265,5802651
3266,8804193
3267,8802693
3268,8804079
3269,2800215
3270,8804069
3271,8804078
3272,8803179
3273,2801680
3274,8803190
3275,6904131
3276,8804062
3277,2800278
3278,8803078
3279,2800261
3280,2802475
3281,2802238
3282,2802258
3283,2801451
3284,2800122
3285,8803510
3286,8804051
3287,8803767
3288,8803962
3289,8803173
3290,6904063
3291,2800232
3292,8803164
3293,1603810
3294,8803131
3295,2800005
3296,8804049
3297,2801692
3298,2802257
3299,8803506
3300,2802252
3301,8803065
3302,8803808
3303,8803981
3304,8803156
3305,6904253
3306,1604442
3307,8803443
3308,8803499
3309,8802695
3310,8803082
3311,8803999
3312,2800135
3313,8803834
3314,1603610
3315,8803926
3316,8803617
3317,8803185
3318,8803180
3319,8803162
3320,8803133
3321,8803553
3322,1604890
3323,2802078
3324,1604040
3325,8803997
3326,8804065
3327,8802550
3328,2801685
3329,8803115
3330,8803392
3331,8803107
3332,8803102
3333,2800181
3334,8804071
3335,8803103
3336,8802686
3337,8803187
3338,8802685
3339,2802080
3340,1604277
3341,2801284
3342,8803074
3343,2800451
3344,2800541
3345,2802188
3346,2800508
3347,2801504
3348,2800174
3349,2801827
3350,2800212
3351,6904288
3352,2800698
3353,1604341
3354,2800240
3355,2800173
3356,2800219
3357,2800217
3358,8804031
3359,1604351
3360,2800175
3361,6903828
3362,2802173
3363,2802308
3364,8803950
3365,2800510
3366,2801242
3367,2802178
3368,2801294
3369,8803609
3370,8803568
3371,2801507
3372,1604922
3373,2801232
3374,2802268
3375,2801263
3376,2801806
3377,2800267
3378,2801299
3379,8803134
3380,1603229
3381,8803144
3382,8803199
3383,8803987
3384,2802228
3385,6902921
3386,2802360
3387,2800620
3388,2801271
3389,2802264
3390,2801657
3391,2802489
3392,2802261
3393,2800752
3394,8803195
3395,6904097
3396,2801613
3397,8803175
3398,2801249
3399,2800455
3400,8803189
3401,2800501
3402,2801615
3403,2800161
3404,2802481
3405,8804061
3406,2802345
3407,8803509
3408,2801302
3409,2801588
3410,2801829
3411,8803079
3412,8803370
3413,8803605
3414,2802058
3415,2801234
3416,2801259
3417,1603371
3418,1600133
3419,2801287
3420,8804020
3421,8803502
3422,1603323
3423,2802201
3424,2802294
3425,2800237
3426,8803603
3427,2801823
3428,8803599
3429,2800233
3430,2800270
3431,8802694
3432,1602755
3433,1604332
3434,8803728
3435,1603227
3436,2801235
3437,8803844
3438,2800344
3439,2801248
3440,2800458
3441,2801614
3442,1604167
3443,1604078
3444,6902108
3445,1603804
3446,2801540
3447,8803885
3448,2801583
3449,2802479
3450,2801258
3451,2800150
3452,1604860
3453,8803113
3454,2800124
3455,8803837
3456,2802269
3457,8803651
3458,8803110
3459,2801527
3460,8803945
3461,8803920
3462,2801257
3463,8803088
3464,2801665
3465,2800115
3466,2801243
3467,2802233
3468,2802210
3469,2800125
3470,2801497
3471,1604281
3472,2802364
3473,8803659
3474,2800569
3475,2802237
3476,2800454
3477,2802382
3478,2801658
3479,2802218
3480,2802214
3481,2802206
3482,2802217
3483,2802205
3484,2801246
3485,2802488
3486,2802225
3487,2802348
3488,2802204
3489,2802197
3490,2802203
3491,2800457
3492,2802226
3493,2800214
3494,2802216
3495,2801314
3496,1603710
3497,2802262
3498,2800353
3499,2801612
3500,2800341
3501,2802291
3502,8802245
3503,2802389
3504,2800529
3505,2801240
3506,2802239
3507,2800316
3508,1604366
3509,2800546
3510,2802234
3511,2800236
3512,2802245
3513,2800140
3514,1604008
3515,8803963
3516,2801807
3517,2801826
3518,2800499
3519,1604367
3520,8803363
3521,2800527
3522,2801239
3523,8803068
3524,2801466
3525,2802175
3526,8803611
3527,2800127
3528,8803549
3529,2800218
3530,2801567
3531,2801231
3532,2800539
3533,2801297
3534,1604955
3535,2801280
3536,2802222
3537,2800134
3538,2802387
3539,2801536
3540,8804010
3541,2800159
3542,2801815
3543,2800800
3544,2800489
3545,8803968
3546,2800754
3547,2801568
3548,2801465
3549,2800138
3550,2801825
3551,2802478
3552,1604921
3553,1601710
3554,8803063
3555,2802484
3556,1604910
3557,2801619
3558,2800223
3559,2800156
3560,2802440
3561,2802182
3562,2801660
3563,2800498
3564,2800164
3565,1602223
3566,8803727
3567,2802174
3568,2800280
3569,8803084
3570,1603230
3571,8803894
3572,2801462
3573,2800371
3574,2800497
3575,2802169
3576,8804196
3577,2802255
3578,2800612
3579,1604041
3580,2800145
3581,8802682
3582,8803469
3583,2802267
3584,2802344
3585,2801821
3586,2800160
3587,2802347
3588,8803567
3589,2802168
3590,2801255
3591,2800459
3592,2800213
3593,2802194
3594,2801309
3595,2801281
3596,8803196
3597,2802477
3598,2802490
3599,2802359
3600,8804099
3601,2802171
3602,8803560
3603,2802202
3604,2802224
3605,2800507
3606,2801254
3607,2802330
3608,2801241
3609,2801582
3610,2801564
3611,2800119
3612,6903737
3613,1604265
3614,2802220
3615,2802193
3616,2802333
3617,2800120
3618,1604305
3619,2800500
3620,2800641
3621,8804081
3622,2801272
3623,2800506
3624,2800613
3625,2802250
3626,2800152
3627,2800515
3628,2801506
3629,2801286
3630,2800799
3631,2801460
3632,2800121
3633,2801463
3634,2800710
3635,2800153
3636,2802338
3637,2802487
3638,2801833
3639,2802483
3640,2802179
3641,2800683
3642,2800137
3643,2800542
3644,2801250
3645,2802476
3646,2801300
3647,2802229
3648,2801563
3649,2802346
3650,2801531
3651,2800789
3652,2800400
3653,8803791
3654,2801532
3655,2801814
3656,2801305
3657,2801570
3658,2802213
3659,2800619
3660,8804100
3661,2800517
3662,2801295
3663,2800356
3664,2800302
3665,2800337
3666,2800207
3667,2801498
3668,8803677
3669,2801617
3670,1604276
3671,2800652
3672,8803158
3673,2800136
3674,2801296
3675,2802334
3676,2800528
3677,8803122
3678,8803943
3679,2802249
3680,2801276
3681,8803096
3682,2800117
3683,2800378
3684,1604058
3685,2800365
3686,2800335
3687,2801819
3688,2800502
3689,2801303
3690,2802243
3691,2800580
3692,2801587
3693,2800610
3694,8803138
3695,2801310
3696,2802343
3697,1604889
3698,2801274
3699,2800523
3700,2800519
3701,2800340
3702,2802172
3703,2800268
3704,2801277
3705,2800141
3706,6904167
3707,2801270
3708,2800653
3709,2800318
3710,8804040
3711,2800654
3712,8803596
3713,2800520
3714,2800692
3715,2800514
3716,8803422
3717,6903490
3718,2800651
3719,2800230
3720,8804094
3721,8803169
3722,1604112
3723,2801535
3724,8803932
3725,2800220
3726,2800490
3727,2800530
3728,2802386
3729,2801811
3730,2801813
3731,2801505
3732,2801803
3733,8804041
3734,2800116
3735,1604061
3736,2800307
3737,2800142
3738,2800449
3739,2800380
3740,1604970
3741,2801546
3742,2800227
3743,2800147
3744,2801548
3745,1604340
3746,2800139
3747,2800334
3748,2801666
3749,1603625
3750,2800229
3751,2800606
3752,2800379
3753,2800550
3754,2800339
3755,2800756
3756,6904180
3757,2800148
3758,8803198
3759,2801834
3760,2801469
3761,8804038
3762,2801805
3763,1602628
3764,2800518
3765,8803430
3766,2800368
3767,2800699
3768,2800693
3769,1604436
3770,8803105
3771,8803165
3772,2800314
3773,2800375
3774,2800700
3775,8803145
3776,8802680
3777,2800464
3778,8803657
3779,2800511
3780,2800346
3781,8803555
3782,2800611
3783,2800448
3784,2800165
3785,2800304
3786,2800363
3787,2800468
3788,2800495
3789,2800645
3790,2800461
3791,2800373
3792,2800146
3793,1604192
3794,2800402
3795,2800149
3796,2800421
3797,2800605
3798,2800336
3799,2800467
3800,2800614
3801,2800608
3802,2800568
3803,2800338
3804,2800516
3805,2800792
3806,2800133
3807,2800790
3808,2800655
3809,2800163
3810,2800170
3811,2800123
3812,2801262
3813,2801566
3814,6903498
3815,1604346
3816,2802230
3817,2801585
3818,2801544
3819,2801264
3820,2802190
3821,2801492
3822,1604980
3823,2801269
3824,2801266
3825,2801496
3826,8800473
3827,2802253
3828,8803064
3829,8803448
3830,2800525
3831,2800308
3832,2800618
3833,2800798
3834,2800166
3835,1604830
3836,2800578
3837,2801817
3838,8803194
3839,2800576
3840,8803444
3841,2800305
3842,8803679
3843,1603883
3844,2800690
3845,2800355
3846,2801569
3847,2801816
3848,2800688
3849,8803093
3850,2800494
3851,2800758
3852,2800604
3853,2800303
3854,2801659
3855,2800794
3856,2800696
3857,8803577
3858,2800616
3859,8804000
3860,2800797
3861,2800456
3862,2800131
3863,2800462
3864,2800167
3865,2802247
3866,1603706
3867,2802223
3868,2801562
3869,2800463
3870,2800312
3871,2800171
3872,2801541
3873,2801238
3874,2801664
3875,2802485
3876,6904271
3877,2800526
3878,8803399
3879,2800509
3880,2801620
3881,2800466
3882,2800757
3883,2802293
3884,1604373
3885,8803554
3886,8803200
3887,2800366
3888,2800760
3889,2800524
3890,2800646
3891,8803830
3892,2800225
3893,2802200
3894,2800377
3895,2800607
3896,8803848
3897,2800548
3898,2800266
3899,2800615
3900,8804008
3901,8803773
3902,2800579
3903,2800364
3904,2800372
3905,2800531
3906,2802263
3907,2800306
3908,2801275
3909,2800504
3910,8803085
3911,2800787
3912,2800759
3913,2800786
3914,2800279
3915,2800642
3916,2800221
3917,8802692
3918,2800275
3919,2802231
3920,2801268
3921,2802181
3922,2800695
3923,2802183
3924,2800544
3925,2800512
3926,2802480
3927,2800609
3928,2802385
3929,2800130
3930,2800788
3931,2800453
3932,2800264
3933,2801464
3934,8803822
3935,2800273
3936,2800333
3937,2800271
3938,2800265
3939,2800311
3940,2801543
3941,2800222
3942,2800795
3943,2800362
3944,2801230
3945,2800151
3946,2800522
3947,2800276
3948,2801584
3949,2800513
3950,8803395
3951,2802187
3952,2801499
3953,2800374
3954,2801289
3955,8803991
3956,2800793
3957,1603778
3958,2800313
3959,2801461
3960,2802246
3961,2800155
3962,2801493
3963,2801500
3964,8804037
3965,2800332
3966,2800301
3967,2800309
3968,2800694
3969,2802310
3970,2800469
3971,2802042
3972,2800310
3973,2800691
3974,2800321
3975,1604029
3976,2802192
3977,2800570
3978,8803578
3979,2800684
3980,2802240
3981,8803709
3982,2802215
3983,2802292
3984,2802208
3985,2801581
3986,2800577
3987,2800144
3988,2800228
3989,2801311
3990,8804015
3991,8803152
3992,2800354
3993,8803495
3994,2802221
3995,2801256
3996,2801812
3997,2800274
3998,2800785
3999,8803114
4000,2800543
4001,2802384
4002,2800342
4003,2800162
4004,2801247
4005,8804036
4006,2800143
4007,1604127
4008,2800129
4009,2801545
4010,2802381
4011,2800697
4012,2800496
4013,2802259
4014,2800705
4015,8803620
4016,2801828
4017,2802365
4018,1602623
4019,2800208
4020,1603145
4021,2801503
4022,2800398
4023,2802266
4024,2801283
4025,2800702
4026,2802260
4027,8804161
4028,2801267
4029,1603773
4030,2801273
4031,2801537
4032,2800505
4033,8803470
4034,2802207
4035,2802241
4036,2801822
4037,2801589
4038,2800158
4039,2800465
4040,2801261
4041,2801279
4042,6904150
4043,2800376
4044,2801285
4045,8803936
4046,2800538
4047,2800239
4048,2802219
4049,2800493
4050,2800682
4051,8804048
4052,8804190
4053,2802383
4054,2801244
4055,2800345
4056,2801667
4057,8803150
4058,2801306
4059,2801288
4060,2801804
4061,2800452
4062,2801538
4063,2802486
4064,8804188
4065,2800272
4066,2801533
4067,2801292
4068,2800617
4069,8803066
4070,2802227
4071,2800709
4072,2801495
4073,2801308
4074,2801470
4075,1604409
4076,2802185
4077,2801662
4078,8803090
4079,2800168
4080,2801237
4081,8804091
4082,2802370
4083,2801265
4084,2801260
4085,2800320
4086,2800689
4087,2800172
4088,2801565
4089,2800547
4090,2802184
4091,8803944
4092,2800460
4093,2800367
4094,2801824
4095,8803147
4096,2802191
4097,8803428
4098,8803374
4099,2801561
4100,2800185
4101,2801252
4102,2802189
4103,2801313
4104,2802265
4105,2801307
4106,2800317
4107,2800796
4108,8803128
4109,2802170
4110,2800704
4111,8803608
4112,2801549
4113,2801542
4114,2800128
4115,2801282
4116,2801547
4117,2802180
4118,2801550
4119,2800226
4120,8804033
4121,2801802
4122,2802482
4123,2801508
4124,2802339
4125,8803398
4126,2800423
4127,2801818
4128,8804096
4129,2801494
4130,8803935
4131,2800343
4132,2801618
4133,2802211
4134,2802176
4135,2802439
4136,2800399
4137,2801656
4138,2802388
4139,2800545
4140,2801534
4141,2801616
4142,2800753
4143,2802236
4144,2800277
4145,2800263
4146,2800643
4147,8803077
4148,2801290
4149,2801278
4150,8803905
4151,2802196
4152,2801663
4153,2801236
4154,2801301
4155,2802232
4156,2802198
4157,2801245
4158,8803975
4159,2802195
4160,2800154
4161,8804191
4162,2800492
4163,2802331
4164,2802332
4165,2802248
4166,2802212
4167,8803061
4168,2801467
4169,8804007
4170,2802177
4171,2800315
4172,2800491
4173,2802270
4174,2802235
4175,2802340
4176,1604958
4177,2800224
4178,2802186
4179,2801312
4180,8803425
4181,8803978
4182,2802242
4183,2802242
4184,2802244
4185,2802209
4186,2801304
4187,2801590
4188,1604126
4189,2801468
4190,2800755
4191,2802059
4192,2801539
4193,2802390
4194,2801491
4195,8803371
4196,2802251
4197,5800656
4198,1600587